HYD3526 HIGH ST,HYDSACRAMENTO
HYD51 OMAHA CT,HYDSACRAMENTO
HYD2796 BRANCH ST,HYDSACRAMENTO
HYD2805 JANETTE WAY,HYDSACRAMENTO
HYD6001 MCMAHON DR,HYDSACRAMENTO
HYD5828 PEPPERMILL CT,HYDSACRAMENTO
HYD6048 OGDEN NASH WAY,HYDSACRAMENTO
HYD2561 19TH AVE,HYDSACRAMENTO
HYD11150 TRINITY RIVER DR Unit 114,HYDRANCHO CORDOVA
HYD7325 10TH ST,HYDRIO LINDA
HYD645 MORRISON AVE,HYDSACRAMENTO
HYD4085 FAWN CIR,HYDSACRAMENTO
HYD2930 LA ROSA RD,HYDSACRAMENTO
HYD2113 KIRK WAY,HYDSACRAMENTO
HYD4533 LOCH HAVEN WAY,HYDSACRAMENTO
HYD7340 HAMDEN PL,HYDSACRAMENTO
HYD6715 6TH ST,HYDRIO LINDA
HYD6236 LONGFORD DR Unit 1,HYDCITRUS HEIGHTS
HYD250 PERALTA AVE,HYDSACRAMENTO
HYD113 LEEWILL AVE,HYDRIO LINDA
HYD6118 STONEHAND AVE,HYDCITRUS HEIGHTS
HYD4882 BANDALIN WAY,HYDSACRAMENTO
HYD7511 OAKVALE CT,HYDNORTH HIGHLANDS
HYD9 PASTURE CT,HYDSACRAMENTO
HYD3729 BAINBRIDGE DR,HYDNORTH HIGHLANDS
HYD3828 BLACKFOOT WAY,HYDANTELOPE
HYD4108 NORTON WAY,HYDSACRAMENTO
HYD1469 JANRICK AVE,HYDSACRAMENTO
HYD9861 CULP WAY,HYDSACRAMENTO
HYD7825 CREEK VALLEY CIR,HYDSACRAMENTO
HYD5201 LAGUNA OAKS DR Unit 140,HYDELK GROVE
HYD6768 MEDORA DR,HYDNORTH HIGHLANDS
HYD3100 EXPLORER DR,HYDSACRAMENTO
HYD7944 DOMINION WAY,HYDELVERTA
HYD5201 LAGUNA OAKS DR Unit 162,HYDELK GROVE
HYD3920 SHINING STAR DR,HYDSACRAMENTO
HYD5031 CORVAIR ST,HYDNORTH HIGHLANDS
HYD7661 NIXOS WAY,HYDSACRAMENTO
HYD7044 CARTHY WAY,HYDSACRAMENTO
HYD2442 LARKSPUR LN,HYDSACRAMENTO
HYD4800 WESTLAKE PKWY Unit 2109,HYDSACRAMENTO
HYD2178 63RD AVE,HYDSACRAMENTO
HYD8718 ELK WAY,HYDELK GROVE
HYD5708 RIDGEPOINT DR,HYDANTELOPE
HYD7315 KOALA CT,HYDNORTH HIGHLANDS
HYD2622 ERIN DR,HYDSACRAMENTO
HYD8421 SUNBLAZE WAY,HYDSACRAMENTO
HYD7420 ALIX PKWY,HYDSACRAMENTO
HYD3820 NATOMA WAY,HYDSACRAMENTO
HYD4431 GREEN TREE DR,HYDSACRAMENTO
HYD9417 SARA ST,HYDELK GROVE
HYD8299 HALBRITE WAY,HYDSACRAMENTO
HYD7223 KALLIE KAY LN,HYDSACRAMENTO
HYD8156 STEINBECK WAY,HYDSACRAMENTO
HYD7957 VALLEY GREEN DR,HYDSACRAMENTO
HYD1122 WILD POPPY CT,HYDGALT
HYD4520 BOMARK WAY,HYDSACRAMENTO
HYD9012 KIEFER BLVD,HYDSACRAMENTO
HYD5332 SANDSTONE ST,HYDCARMICHAEL
HYD5993 SAWYER CIR,HYDSACRAMENTO
HYD4844 CLYDEBANK WAY,HYDANTELOPE
HYD306 CAMELLIA WAY,HYDGALT
HYD9021 MADISON AVE,HYDORANGEVALE
HYD404 6TH ST,HYDGALT
HYD8317 SUNNY CREEK WAY,HYDSACRAMENTO
HYD2617 BASS CT,HYDSACRAMENTO
HYD7005 TIANT WAY,HYDELK GROVE
HYD7895 CABER WAY,HYDANTELOPE
HYD7624 BOGEY CT,HYDSACRAMENTO
HYD6930 HAMPTON COVE WAY,HYDSACRAMENTO
HYD8708 MESA BROOK WAY,HYDELK GROVE
HYD120 GRANT LN,HYDFOLSOM
HYD5907 ELLERSLEE DR,HYDCARMICHAEL
HYD17 SERASPI CT,HYDSACRAMENTO
HYD170 PENHOW CIR,HYDSACRAMENTO
HYD8345 STAR THISTLE WAY,HYDSACRAMENTO
HYD9080 FRESCA WAY,HYDELK GROVE
HYD391 NATALINO CIR,HYDSACRAMENTO
HYD8373 BLACKMAN WAY,HYDELK GROVE
HYD9837 CORTE DORADO CT,HYDELK GROVE
HYD5037 J PKWY,HYDSACRAMENTO
HYD10245 LOS PALOS DR,HYDRANCHO CORDOVA
HYD6613 NAVION DR,HYDCITRUS HEIGHTS
HYD2887 AZEVEDO DR,HYDSACRAMENTO
HYD9186 KINBRACE CT,HYDSACRAMENTO
HYD4243 MIDDLEBURY WAY,HYDMATHER
HYD1028 FALLON PLACE CT,HYDRIO LINDA
HYD4804 NORIKER DR,HYDELK GROVE
HYD7713 HARVEST WOODS DR,HYDSACRAMENTO
HYD2866 KARITSA AVE,HYDSACRAMENTO
HYD6913 RICHEVE WAY,HYDSACRAMENTO
HYD8636 TEGEA WAY,HYDELK GROVE
HYD5448 MAIDSTONE WAY,HYDCITRUS HEIGHTS
HYD18 OLLIE CT,HYDELK GROVE
HYD4010 ALEX LN,HYDCARMICHAEL
HYD4901 MILLNER WAY,HYDELK GROVE
HYD4818 BRITTNEY LEE CT,HYDSACRAMENTO
HYD5529 LAGUNA PARK DR,HYDELK GROVE
HYD230 CANDELA CIR,HYDSACRAMENTO
HYD4900 71ST ST,HYDSACRAMENTO
HYD12209 CONSERVANCY WAY,HYDRANCHO CORDOVA
HYD4236 NATOMAS CENTRAL DR,HYDSACRAMENTO
HYD5615 LUPIN LN,HYDPOLLOCK PINES
HYD5625 JAMES WAY,HYDSACRAMENTO
HYD7842 LAHONTAN CT,HYDSACRAMENTO
HYD6850 21ST ST,HYDSACRAMENTO
HYD2900 BLAIR RD,HYDPOLLOCK PINES
HYD2064 EXPEDITION WAY,HYDSACRAMENTO
HYD2912 NORCADE CIR,HYDSACRAMENTO
HYD9507 SEA CLIFF WAY,HYDELK GROVE
HYD8882 AUTUMN GOLD CT,HYDELK GROVE
HYD5322 WHITE LOTUS WAY,HYDELK GROVE
HYD1838 CASTRO WAY,HYDSACRAMENTO
HYD10158 CRAWFORD WAY,HYDSACRAMENTO
HYD7731 MASTERS ST,HYDELK GROVE
HYD4925 PERCHERON DR,HYDELK GROVE
HYD2010 PROMONTORY POINT LN,HYDGOLD RIVER
HYD4727 SAVOIE WAY,HYDSACRAMENTO
HYD8664 MAGNOLIA HILL WAY,HYDELK GROVE
HYD9570 HARVEST ROSE WAY,HYDSACRAMENTO
HYD4359 CREGAN CT,HYDRANCHO CORDOVA
HYD5337 DUSTY ROSE WAY,HYDRANCHO CORDOVA
HYD8929 SUTTERS GOLD DR,HYDSACRAMENTO
HYD8025 PEERLESS AVE,HYDORANGEVALE
HYD4620 WELERA WAY,HYDELK GROVE
HYD9723 TERRAPIN CT,HYDELK GROVE
HYD2115 SMOKESTACK WAY,HYDSACRAMENTO
HYD100 REBECCA WAY,HYDFOLSOM
HYD9488 OAK VILLAGE WAY,HYDELK GROVE
HYD8495 DARTFORD DR,HYDSACRAMENTO
HYD6708 PONTA DO SOL WAY,HYDELK GROVE
HYD4143 SEA MEADOW WAY,HYDSACRAMENTO
HYD3020 RICHARDSON CIR,HYDEL DORADO HILLS
HYD8082 LINDA ISLE LN,HYDSACRAMENTO
HYD15300 MURIETA SOUTH PKWY,HYDRANCHO MURIETA
HYD11215 SHARRMONT CT,HYDWILTON
HYD7105 DANBERG WAY,HYDELK GROVE
HYD5579 JERRY LITELL WAY,HYDSACRAMENTO
HYD1050 FOXHALL WAY,HYDSACRAMENTO
HYD7837 ABBINGTON WAY,HYDANTELOPE
HYD1300 F ST,HYDSACRAMENTO
HYD6801 RAWLEY WAY,HYDELK GROVE
HYD1693 SHELTER COVE DR,HYDGREENWOOD
HYD9361 WADDELL LN,HYDELK GROVE
HYD10 SEA FOAM CT,HYDSACRAMENTO
HYD6945 RIO TEJO WAY,HYDELK GROVE
HYD4186 TULIP PARK WAY,HYDRANCHO CORDOVA
HYD9278 DAIRY CT,HYDELK GROVE
HYD207 ORANGE BLOSSOM CIR Unit C,HYDFOLSOM
HYD6507 RIO DE ONAR WAY,HYDELK GROVE
HYD7004 RAWLEY WAY,HYDELK GROVE
HYD6503 RIO DE ONAR WAY,HYDELK GROVE
HYD2217 APPALOOSA CT,HYDFOLSOM
HYD868 HILDEBRAND CIR,HYDFOLSOM
HYD6030 PALERMO WAY,HYDEL DORADO HILLS
HYD4070 REDONDO DR,HYDEL DORADO HILLS
HYD4004 CRESTA WAY,HYDSACRAMENTO
HYD315 JUMEL CT,HYDEL DORADO HILLS
HYD6272 LONGFORD DR Unit 1,HYDCITRUS HEIGHTS
HYD3432 Y ST,HYDSACRAMENTO
HYD9512 EMERALD PARK DR Unit 3,HYDELK GROVE
HYD3132 CLAY ST,HYDSACRAMENTO
HYD5221 38TH AVE,HYDSACRAMENTO
HYD6112 HERMOSA ST,HYDSACRAMENTO
HYD483 ARCADE BLVD,HYDSACRAMENTO
HYD671 SONOMA AVE,HYDSACRAMENTO
HYD5980 79TH ST,HYDSACRAMENTO
HYD7607 ELDER CREEK RD,HYDSACRAMENTO
HYD5028 14TH AVE,HYDSACRAMENTO
HYD14788 NATCHEZ CT,HYDRANCHO MURIETA
HYD1069 ACACIA AVE,HYDSACRAMENTO
HYD5201 LAGUNA OAKS DR Unit 199,HYDELK GROVE
HYD3847 LAS PASAS WAY,HYDSACRAMENTO
HYD5201 LAGUNA OAKS DR Unit 172,HYDELK GROVE
HYD1121 CREEKSIDE WAY,HYDGALT
HYD5307 CABRILLO WAY,HYDSACRAMENTO
HYD3725 DON JULIO BLVD,HYDNORTH HIGHLANDS
HYD4803 MCCLOUD DR,HYDSACRAMENTO
HYD10542 SILVERWOOD WAY,HYDRANCHO CORDOVA
HYD6318 39TH AVE,HYDSACRAMENTO
HYD211 MCDANIEL CIR,HYDSACRAMENTO
HYD3800 LYNHURST WAY,HYDNORTH HIGHLANDS
HYD6139 HERMOSA ST,HYDSACRAMENTO
HYD2505 RHINE WAY,HYDELVERTA
HYD3692 PAYNE WAY,HYDNORTH HIGHLANDS
HYD604 MORRISON AVE,HYDSACRAMENTO
HYD648 SANTA ANA AVE,HYDSACRAMENTO
HYD14 ASHLEY OAKS CT,HYDSACRAMENTO
HYD3174 NORTHVIEW DR,HYDSACRAMENTO
HYD840 TRANQUIL LN,HYDGALT
HYD5333 PRIMROSE DR Unit 19A,HYDFAIR OAKS
HYD1035 MILLET WAY,HYDSACRAMENTO
HYD5201 LAGUNA OAKS DR Unit 126,HYDELK GROVE
HYD3328 22ND AVE,HYDSACRAMENTO
HYD8001 HARTWICK WAY,HYDSACRAMENTO
HYD7812 HARTWICK WAY,HYDSACRAMENTO
HYD4207 PAINTER WAY,HYDNORTH HIGHLANDS
HYD7458 WINKLEY WAY,HYDSACRAMENTO
HYD8354 SUNRISE WOODS WAY,HYDSACRAMENTO
HYD8116 COTTONMILL CIR,HYDSACRAMENTO
HYD4660 CEDARWOOD WAY,HYDSACRAMENTO
HYD9254 HARROGATE WAY,HYDELK GROVE
HYD6716 TAREYTON WAY,HYDCITRUS HEIGHTS
HYD2028 ROBERT WAY,HYDSACRAMENTO
HYD9346 AIZENBERG CIR,HYDELK GROVE
HYD4524 LOCH HAVEN WAY,HYDSACRAMENTO
HYD7140 BLUE SPRINGS WAY,HYDCITRUS HEIGHTS
HYD4631 11TH AVE,HYDSACRAMENTO
HYD3228 BAGGAN CT,HYDANTELOPE
HYD8515 DARTFORD DR,HYDSACRAMENTO
HYD4500 TIPPWOOD WAY,HYDSACRAMENTO
HYD2460 EL ROCCO WAY,HYDRANCHO CORDOVA
HYD8244 SUNBIRD WAY,HYDSACRAMENTO
HYD5841 VALLEY VALE WAY,HYDSACRAMENTO
HYD7863 CRESTLEIGH CT,HYDANTELOPE
HYD7129 SPRINGMONT DR,HYDELK GROVE
HYD8284 RED FOX WAY,HYDELK GROVE
HYD2219 EL CANTO CIR,HYDRANCHO CORDOVA
HYD8907 GEMWOOD WAY,HYDELK GROVE
HYD5925 MALEVILLE AVE,HYDCARMICHAEL
HYD7031 CANEVALLEY CIR,HYDCITRUS HEIGHTS
HYD3949 WILDROSE WAY,HYDSACRAMENTO
HYD4437 MITCHUM CT,HYDANTELOPE
HYD2778 KAWEAH CT,HYDCAMERON PARK
HYD1636 ALLENWOOD CIR,HYDLINCOLN
HYD8151 QUAIL RIDGE CT,HYDSACRAMENTO
HYD4899 WIND CREEK DR,HYDSACRAMENTO
HYD2370 BIG CANYON CREEK RD,HYDPLACERVILLE
HYD6049 HAMBURG WAY,HYDSACRAMENTO
HYD4232 71ST ST,HYDSACRAMENTO
HYD3361 BOW MAR CT,HYDCAMERON PARK
HYD1889 COLD SPRINGS RD,HYDPLACERVILLE
HYD5805 HIMALAYA WAY,HYDCITRUS HEIGHTS
HYD7944 SYLVAN OAK WAY,HYDCITRUS HEIGHTS
HYD3139 SPOONWOOD WAY Unit 1,HYDSACRAMENTO
HYD6217 LEOLA WAY,HYDSACRAMENTO
HYD2340 HURLEY WAY,HYDSACRAMENTO
HYD3035 BRUNNET LN,HYDSACRAMENTO
HYD3025 EL PRADO WAY,HYDSACRAMENTO
HYD9387 GRANITE FALLS CT,HYDELK GROVE
HYD9257 CALDERA WAY,HYDSACRAMENTO
HYD441 ARLINGDALE CIR,HYDRIO LINDA
HYD2284 LOS ROBLES RD,HYDMEADOW VISTA
HYD8164 CHENIN BLANC LN,HYDFAIR OAKS
HYD4620 CHAMBERLIN CIR,HYDELK GROVE
HYD5340 BIRK WAY,HYDSACRAMENTO
HYD51 ANJOU CIR,HYDSACRAMENTO
HYD2125 22ND AVE,HYDSACRAMENTO
HYD611 BLOSSOM ROCK LN,HYDFOLSOM
HYD8830 ADUR RD,HYDELK GROVE
HYD7344 BUTTERBALL WAY,HYDSACRAMENTO
HYD8219 GWINHURST CIR,HYDSACRAMENTO
HYD3240 S ST,HYDSACRAMENTO
HYD221 PICASSO CIR,HYDSACRAMENTO
HYD5706 GREENACRES WAY,HYDORANGEVALE
HYD6900 LONICERA DR,HYDORANGEVALE
HYD419 DAWNRIDGE RD,HYDROSEVILLE
HYD5312 MARBURY WAY,HYDANTELOPE
HYD6344 BONHAM CIR,HYDCITRUS HEIGHTS
HYD8207 YORKTON WAY,HYDSACRAMENTO
HYD7922 MANSELL WAY,HYDELK GROVE
HYD5712 MELBURY CIR,HYDANTELOPE
HYD632 NEWBRIDGE LN,HYDLINCOLN
HYD1570 GLIDDEN AVE,HYDSACRAMENTO
HYD8108 FILIFERA WAY,HYDANTELOPE
HYD230 BANKSIDE WAY,HYDSACRAMENTO
HYD5342 CALABRIA WAY,HYDSACRAMENTO
HYD47 NAPONEE CT,HYDSACRAMENTO
HYD4236 ADRIATIC SEA WAY,HYDSACRAMENTO
HYD8864 REMBRANT CT,HYDELK GROVE
HYD9455 SEA CLIFF WAY,HYDELK GROVE
HYD9720 LITTLE HARBOR WAY,HYDELK GROVE
HYD8806 PHOENIX AVE,HYDFAIR OAKS
HYD3578 LOGGERHEAD WAY,HYDSACRAMENTO
HYD1416 LOCKHART WAY,HYDROSEVILLE
HYD5413 BUENA VENTURA WAY,HYDFAIR OAKS
HYD37 WHITE BIRCH CT,HYDROSEVILLE
HYD405 MARLIN SPIKE WAY,HYDSACRAMENTO
HYD1102 CHESLEY LN,HYDLINCOLN
HYD11281 STANFORD COURT LN Unit 604,HYDGOLD RIVER
HYD7320 6TH ST,HYDRIO LINDA
HYD993 MANTON CT,HYDGALT
HYD4487 PANORAMA DR,HYDPLACERVILLE
HYD5651 OVERLEAF WAY,HYDSACRAMENTO
HYD2015 PROMONTORY POINT LN,HYDGOLD RIVER
HYD3224 PARKHAM DR,HYDROSEVILLE
HYD15 VANESSA PL,HYDSACRAMENTO
HYD1312 RENISON LN,HYDLINCOLN
HYD8 RIVER RAFT CT,HYDSACRAMENTO
HYD2251 LAMPLIGHT LN,HYDLINCOLN
HYD106 FARHAM DR,HYDFOLSOM
HYD5405 NECTAR CIR,HYDELK GROVE
HYD5411 10TH AVE,HYDSACRAMENTO
HYD3512 RAINSONG CIR,HYDRANCHO CORDOVA
HYD1106 55TH ST,HYDSACRAMENTO
HYD411 ILLSLEY WAY,HYDFOLSOM
HYD796 BUTTERCUP CIR,HYDGALT
HYD1230 SANDRA CIR,HYDPLACERVILLE
HYD318 ANACAPA DR,HYDROSEVILLE
HYD3975 SHINING STAR DR,HYDSACRAMENTO
HYD1620 BASLER ST,HYDSACRAMENTO
HYD9688 NATURE TRAIL WAY,HYDELK GROVE
HYD5924 TANUS CIR,HYDROCKLIN
HYD9629 CEDAR OAK WAY,HYDELK GROVE
HYD3429 FERNBROOK CT,HYDCAMERON PARK
HYD2121 HANNAH WAY,HYDROCKLIN
HYD10104 ANNIE ST,HYDELK GROVE
HYD1092 MAUGHAM CT,HYDGALT
HYD5404 ALMOND FALLS WAY,HYDRANCHO CORDOVA
HYD6306 CONEJO,HYDRANCHO MURIETA
HYD14 CASA VATONI PL,HYDSACRAMENTO
HYD1456 EAGLESFIELD LN,HYDLINCOLN
HYD4100 BOTHWELL CIR,HYDEL DORADO HILLS
HYD427 21ST ST,HYDSACRAMENTO
HYD1044 GALSTON DR,HYDFOLSOM
HYD4440 SYCAMORE AVE,HYDSACRAMENTO
HYD1032 SOUZA DR,HYDEL DORADO HILLS
HYD9760 LAZULITE CT,HYDELK GROVE
HYD241 LANFRANCO CIR,HYDSACRAMENTO
HYD5559 NORTHBOROUGH DR,HYDSACRAMENTO
HYD2125 BIG SKY DR,HYDROCKLIN
HYD2109 HAMLET PL,HYDCARMICHAEL
HYD9970 STATE HIGHWAY 193,HYDPLACERVILLE
HYD2901 PINTAIL WAY,HYDELK GROVE
HYD201 FIRESTONE DR,HYDROSEVILLE
HYD1740 HIGH ST,HYDAUBURN
HYD2733 DANA LOOP,HYDEL DORADO HILLS
HYD9741 SADDLEBRED CT,HYDWILTON
HYD7756 TIGERWOODS DR,HYDSACRAMENTO
HYD5709 RIVER OAK WAY,HYDCARMICHAEL
HYD2981 WRINGER DR,HYDROSEVILLE
HYD8616 ROCKPORTE CT,HYDROSEVILLE
HYD4128 HILL ST,HYDFAIR OAKS
HYD1409 47TH ST,HYDSACRAMENTO
HYD3935 EL MONTE DR,HYDLOOMIS
HYD5840 WALERGA RD,HYDSACRAMENTO
HYD923 FULTON AVE,HYDSACRAMENTO
HYD261 REDONDO AVE,HYDSACRAMENTO
HYD4030 BROADWAY,HYDSACRAMENTO
HYD3660 22ND AVE,HYDSACRAMENTO
HYD3924 HIGH ST,HYDSACRAMENTO
HYD4734 14TH AVE,HYDSACRAMENTO
HYD4734 14TH AVE,HYDSACRAMENTO
HYD5050 RHODE ISLAND DR Unit 4,HYDSACRAMENTO
HYD4513 GREENHOLME DR,HYDSACRAMENTO
HYD3845 ELM ST,HYDSACRAMENTO
HYD3908 17TH AVE,HYDSACRAMENTO
HYD7109 CHANDLER DR,HYDSACRAMENTO
HYD7541 SKELTON WAY,HYDSACRAMENTO
HYD9058 MONTOYA ST,HYDSACRAMENTO
HYD1016 CONGRESS AVE,HYDSACRAMENTO
HYD540 MORRISON AVE,HYDSACRAMENTO
HYD5303 JERRETT WAY,HYDSACRAMENTO
HYD2820 DEL PASO BLVD,HYDSACRAMENTO
HYD3715 TALLYHO DR Unit 78HIGH,HYDSACRAMENTO
HYD6013 ROWAN WAY,HYDCITRUS HEIGHTS
HYD2987 PONDEROSA LN,HYDSACRAMENTO
HYD3732 LANKERSHIM WAY,HYDNORTH HIGHLANDS
HYD2216 DUNLAP DR,HYDSACRAMENTO
HYD3503 21ST AVE,HYDSACRAMENTO
HYD523 EXCHANGE ST,HYDSACRAMENTO
HYD8101 PORT ROYALE WAY,HYDSACRAMENTO
HYD8020 WALERGA RD,HYDANTELOPE
HYD167 VALLEY OAK DR,HYDROSEVILLE
HYD7876 BURLINGTON WAY,HYDSACRAMENTO
HYD3726 JONKO AVE,HYDNORTH HIGHLANDS
HYD7342 GIGI PL,HYDSACRAMENTO
HYD2610 PHYLLIS AVE,HYDSACRAMENTO
HYD4200 COMMERCE WAY Unit 711,HYDSACRAMENTO
HYD4621 COUNTRY SCENE WAY,HYDSACRAMENTO
HYD5380 VILLAGE WOOD DR,HYDSACRAMENTO
HYD2621 EVERGREEN ST,HYDSACRAMENTO
HYD201 CARLO CT,HYDGALT
HYD6743 21ST ST,HYDSACRAMENTO
HYD3128 VIA GRANDE,HYDSACRAMENTO
HYD2847 BELGRADE WAY,HYDSACRAMENTO
HYD7741 MILLDALE CIR,HYDELVERTA
HYD9013 CASALS ST,HYDSACRAMENTO
HYD227 MAHAN CT Unit 1,HYDROSEVILLE
HYD7349 FLETCHER FARM DR,HYDSACRAMENTO
HYD7226 LARCHMONT DR,HYDNORTH HIGHLANDS
HYD4114 35TH AVE,HYDSACRAMENTO
HYD617 M ST,HYDRIO LINDA
HYD7032 FAIR OAKS BLVD,HYDCARMICHAEL
HYD2421 SANTINA WAY,HYDELVERTA
HYD2368 CRAIG AVE,HYDSACRAMENTO
HYD2123 AMANDA WAY,HYDSACRAMENTO
HYD7620 DARLA WAY,HYDSACRAMENTO
HYD8344 FIELDPOPPY CIR,HYDSACRAMENTO
HYD3624 20TH AVE,HYDSACRAMENTO
HYD10001 WOODCREEK OAKS BLVD Unit 1415,HYDROSEVILLE
HYD2848 PROVO WAY,HYDSACRAMENTO
HYD6045 EHRHARDT AVE,HYDSACRAMENTO
HYD1223 LAMBERTON CIR,HYDSACRAMENTO
HYD1223 LAMBERTON CIR,HYDSACRAMENTO
HYD6000 BIRCHGLADE WAY,HYDCITRUS HEIGHTS
HYD7204 THOMAS DR,HYDNORTH HIGHLANDS
HYD8363 LANGTREE WAY,HYDSACRAMENTO
HYD1675 VERNON ST Unit 8,HYDROSEVILLE
HYD6632 IBEX WOODS CT,HYDCITRUS HEIGHTS
HYD117 EVCAR WAY,HYDRIO LINDA
HYD6485 LAGUNA MIRAGE LN,HYDELK GROVE
HYD746 MOOSE CREEK WAY,HYDGALT
HYD8306 CURLEW CT,HYDCITRUS HEIGHTS
HYD8306 CURLEW CT,HYDCITRUS HEIGHTS
HYD5217 ARGO WAY,HYDSACRAMENTO
HYD7108 HEATHER TREE DR,HYDSACRAMENTO
HYD2956 DAVENPORT WAY,HYDSACRAMENTO
HYD10062 LINCOLN VILLAGE DR,HYDSACRAMENTO
HYD332 PALIN AVE,HYDGALT
HYD4649 FREEWAY CIR,HYDSACRAMENTO
HYD8593 DERLIN WAY,HYDSACRAMENTO
HYD9273 PREMIER WAY,HYDSACRAMENTO
HYD8032 DUSENBERG CT,HYDSACRAMENTO
HYD7110 STELLA LN Unit 15,HYDCARMICHAEL
HYD1786 PIEDMONT WAY,HYDROSEVILLE
HYD1347 HIDALGO CIR,HYDROSEVILLE
HYD212 CAPPUCINO WAY,HYDSACRAMENTO
HYD5938 WOODBRIAR WAY,HYDCITRUS HEIGHTS
HYD3801 WILDROSE WAY,HYDSACRAMENTO
HYD508 SAMUEL WAY,HYDSACRAMENTO
HYD6128 CARL SANDBURG CIR,HYDSACRAMENTO
HYD1 KENNELFORD CIR,HYDSACRAMENTO
HYD909 SINGINGWOOD RD,HYDSACRAMENTO
HYD6671 FOXWOOD CT,HYDSACRAMENTO
HYD8165 AYN RAND CT,HYDSACRAMENTO
HYD9474 VILLAGE TREE DR,HYDELK GROVE
HYD7213 CALVIN DR,HYDCITRUS HEIGHTS
HYD8167 DERBY PARK CT,HYDSACRAMENTO
HYD6344 LAGUNA MIRAGE LN,HYDELK GROVE
HYD2945 RED HAWK WAY,HYDSACRAMENTO
HYD3228 I ST,HYDSACRAMENTO
HYD308 ATKINSON ST,HYDROSEVILLE
HYD624 HOVEY WAY,HYDROSEVILLE
HYD110 COPPER LEAF WAY,HYDSACRAMENTO
HYD7535 ALMA VISTA WAY,HYDSACRAMENTO
HYD7423 WILSALL CT,HYDELK GROVE
HYD8629 VIA ALTA WAY,HYDELK GROVE
HYD3318 DAVIDSON DR,HYDANTELOPE
HYD913 COBDEN CT,HYDGALT
HYD4419 79TH ST,HYDSACRAMENTO
HYD3012 SPOONWOOD WAY,HYDSACRAMENTO
HYD8728 CRYSTAL RIVER WAY,HYDSACRAMENTO
HYD4709 AMBER LN Unit 1,HYDSACRAMENTO
HYD4508 OLD DAIRY DR,HYDANTELOPE
HYD312 RIVER ISLE WAY,HYDSACRAMENTO
HYD301 OLIVADI WAY,HYDSACRAMENTO
HYD5636 25TH ST,HYDSACRAMENTO
HYD8721 SPRUCE RIDGE WAY,HYDANTELOPE
HYD7461 WINDBRIDGE DR,HYDSACRAMENTO
HYD8101 LEMON COVE CT,HYDSACRAMENTO
HYD10949 SCOTSMAN WAY,HYDRANCHO CORDOVA
HYD617 WILLOW CREEK DR,HYDFOLSOM
HYD3301 PARK DR Unit 1914,HYDSACRAMENTO
HYD709 CIMMARON CT,HYDGALT
HYD3305 RIO ROCA CT,HYDANTELOPE
HYD9080 BEDROCK CT,HYDSACRAMENTO
HYD100 TOURMALINE CIR,HYDSACRAMENTO
HYD6411 RED BIRCH WAY,HYDELK GROVE
HYD4867 LAGUNA DR,HYDSACRAMENTO
HYD3662 RIVER DR,HYDSACRAMENTO
HYD6943 WOLFGRAM WAY,HYDSACRAMENTO
HYD77 RINETTI WAY,HYDRIO LINDA
HYD1316 I ST,HYDRIO LINDA
HYD2130 CATHERWOOD WAY,HYDSACRAMENTO
HYD8304 JUGLANS DR,HYDORANGEVALE
HYD5308 MARBURY WAY,HYDANTELOPE
HYD9182 LAKEMONT DR,HYDELK GROVE
HYD2231 COUNTRY VILLA CT,HYDAUBURN
HYD8491 CRYSTAL WALK CIR,HYDELK GROVE
HYD361 MAHONIA CIR,HYDSACRAMENTO
HYD3427 LA CADENA WAY,HYDSACRAMENTO
HYD955 BIG SUR CT,HYDEL DORADO HILLS
HYD11826 DIONYSUS WAY,HYDRANCHO CORDOVA
HYD5847 DEL CAMPO LN,HYDCARMICHAEL
HYD5635 FOXVIEW WAY,HYDELK GROVE
HYD10372 VIA CINTA CT,HYDELK GROVE
HYD6286 LONETREE BLVD,HYDROCKLIN
HYD7744 SOUTHBREEZE DR,HYDSACRAMENTO
HYD2242 ABLE WAY,HYDSACRAMENTO
HYD1042 STARBROOK DR,HYDGALT
HYD1219 G ST,HYDSACRAMENTO
HYD6220 OPUS CT,HYDCITRUS HEIGHTS
HYD5419 HAVENHURST CIR,HYDROCKLIN
HYD220 OLD AIRPORT RD,HYDAUBURN
HYD4622 MEYER WAY,HYDCARMICHAEL
HYD4885 SUMMIT VIEW DR,HYDEL DORADO
HYD26 JEANROSS CT,HYDSACRAMENTO
HYD4800 MAPLEPLAIN AVE,HYDELK GROVE
HYD10629 BASIE WAY,HYDRANCHO CORDOVA
HYD8612 WILLOW GROVE WAY,HYDSACRAMENTO
HYD62 DE FER CIR,HYDSACRAMENTO
HYD2513 OLD KENMARE RD,HYDLINCOLN
HYD3253 ABOTO WAY,HYDRANCHO CORDOVA
HYD3072 VILLAGE PLAZA DR,HYDROSEVILLE
HYD251 CHANGO CIR,HYDSACRAMENTO
HYD8205 WEYBURN CT,HYDSACRAMENTO
HYD8788 LA MARGARITA WAY,HYDSACRAMENTO
HYD5912 DEEPDALE WAY,HYDELK GROVE
HYD4712 PISMO BEACH DR,HYDANTELOPE
HYD4741 PACIFIC PARK DR,HYDANTELOPE
HYD310 GROTH CIR,HYDSACRAMENTO
HYD6121 WILD FOX CT,HYDELK GROVE
HYD12241 CANYONLANDS DR,HYDRANCHO CORDOVA
HYD29 COOL FOUNTAIN CT,HYDSACRAMENTO
HYD907 RIO ROBLES AVE,HYDSACRAMENTO
HYD8909 BILLFISH WAY,HYDSACRAMENTO
HYD6232 GUS WAY,HYDELK GROVE
HYD200 OAKWILDE ST,HYDGALT
HYD1033 PARK STREAM DR,HYDGALT
HYD200 ALLAIRE CIR,HYDSACRAMENTO
HYD1322 SUTTER WALK,HYDSACRAMENTO
HYD5479 NICKMAN WAY,HYDSACRAMENTO
HYD2103 BURBERRY WAY,HYDSACRAMENTO
HYD2450 SAN JOSE WAY,HYDSACRAMENTO
HYD7641 ROSEHALL DR,HYDROSEVILLE
HYD1336 LAYSAN TEAL DR,HYDROSEVILLE
HYD2802 BLACK OAK DR,HYDROCKLIN
HYD2113 FALL TRAIL CT,HYDPLACERVILLE
HYD10112 LAMBEAU CT,HYDELK GROVE
HYD6313 CASTRO VERDE WAY,HYDELK GROVE
HYD3622 CURTIS DR,HYDSACRAMENTO
HYD11817 OPAL RIDGE WAY,HYDRANCHO CORDOVA
HYD170 LAGOMARSINO WAY,HYDSACRAMENTO
HYD2743 DEAKIN PL,HYDEL DORADO HILLS
HYD3361 ALDER CANYON WAY,HYDANTELOPE
HYD2148 RANCH VIEW DR,HYDROCKLIN
HYD398 LINDLEY DR,HYDSACRAMENTO
HYD3013 BRIDLEWOOD DR,HYDEL DORADO HILLS
HYD169 BAURER CIR,HYDFOLSOM
HYD2809 LOON CT,HYDCAMERON PARK
HYD1315 KONDOS AVE,HYDSACRAMENTO
HYD4966 CHARTER RD,HYDROCKLIN
HYD9516 LAGUNA LAKE WAY,HYDELK GROVE
HYD5201 BLOSSOM RANCH DR,HYDELK GROVE
HYD3027 PALMATE WAY,HYDSACRAMENTO
HYD500 WINCHESTER CT,HYDROSEVILLE
HYD5746 GELSTON WAY,HYDEL DORADO HILLS
HYD6935 ELM TREE LN,HYDORANGEVALE
HYD9605 GOLF COURSE LN,HYDELK GROVE
HYD719 BAYWOOD CT,HYDEL DORADO HILLS
HYD5954 TANUS CIR,HYDROCKLIN
HYD100 CHELSEA CT,HYDFOLSOM
HYD1500 ORANGE HILL LN,HYDPENRYN
HYD408 KIRKWOOD CT,HYDLINCOLN
HYD1732 TUSCAN GROVE CIR,HYDROSEVILLE
HYD2049 EMPIRE MINE CIR,HYDGOLD RIVER
HYD9360 MAGOS RD,HYDWILTON
HYD104 CATLIN CT,HYDFOLSOM
HYD4734 GIBBONS DR,HYDCARMICHAEL
HYD4629 DORCHESTER LN,HYDGRANITE BAY
HYD2400 COUNTRYSIDE DR,HYDPLACERVILLE
HYD12901 FURLONG DR,HYDWILTON
HYD6222 CALLE MONTALVO CIR,HYDGRANITE BAY
HYD20 CRYSTALWOOD CIR,HYDLINCOLN
HYD24 CRYSTALWOOD CIR,HYDLINCOLN
HYD28 CRYSTALWOOD CIR,HYDLINCOLN
HYD32 CRYSTALWOOD CIR,HYDLINCOLN
HYD36 CRYSTALWOOD CIR,HYDLINCOLN
HYD40 CRYSTALWOOD CIR,HYDLINCOLN
HYD44 CRYSTALWOOD CIR,HYDLINCOLN
HYD48 CRYSTALWOOD CIR,HYDLINCOLN
HYD52 CRYSTALWOOD CIR,HYDLINCOLN
HYD68 CRYSTALWOOD CIR,HYDLINCOLN
HYD72 CRYSTALWOOD CIR,HYDLINCOLN
HYD76 CRYSTALWOOD CIR,HYDLINCOLN
HYD80 CRYSTALWOOD CIR,HYDLINCOLN
HYD84 CRYSTALWOOD CIR,HYDLINCOLN
HYD88 CRYSTALWOOD CIR,HYDLINCOLN
HYD92 CRYSTALWOOD CIR,HYDLINCOLN
HYD96 CRYSTALWOOD CIR,HYDLINCOLN
HYD100 CRYSTALWOOD CIR,HYDLINCOLN
HYD434 1ST ST,HYDLINCOLN
HYD3 E ST,HYDLINCOLN
HYD11 E ST,HYDLINCOLN
HYD19 E ST,HYDLINCOLN
HYD27 E ST,HYDLINCOLN
HYD35 E ST,HYDLINCOLN
HYD43 E ST,HYDLINCOLN
HYD51 E ST,HYDLINCOLN
HYD59 E ST,HYDLINCOLN
HYD75 E ST,HYDLINCOLN
HYD63 CRYSTALWOOD CIR,HYDLINCOLN
HYD398 1ST ST,HYDLINCOLN
HYD386 1ST ST,HYDLINCOLN
HYD374 1ST ST,HYDLINCOLN
HYD116 CRYSTALWOOD WAY,HYDLINCOLN
HYD108 CRYSTALWOOD WAY,HYDLINCOLN
HYD100 CRYSTALWOOD WAY,HYDLINCOLN
HYD55 CRYSTALWOOD CIR,HYDLINCOLN
HYD51 CRYSTALWOOD CIR,HYDLINCOLN
HYD47 CRYSTALWOOD CIR,HYDLINCOLN
HYD43 CRYSTALWOOD CIR,HYDLINCOLN
HYD39 CRYSTALWOOD CIR,HYDLINCOLN
HYD35 CRYSTALWOOD CIR,HYDLINCOLN
HYD31 CRYSTALWOOD CIR,HYDLINCOLN
HYD27 CRYSTALWOOD CIR,HYDLINCOLN
HYD23 CRYSTALWOOD CIR,HYDLINCOLN
HYD19 CRYSTALWOOD CIR,HYDLINCOLN
HYD15 CRYSTALWOOD CIR,HYDLINCOLN
HYD7 CRYSTALWOOD CIR,HYDLINCOLN
HYD7 CRYSTALWOOD CIR,HYDLINCOLN
HYD3 CRYSTALWOOD CIR,HYDLINCOLN
HYD8208 WOODYARD WAY,HYDCITRUS HEIGHTS
HYD113 RINETTI WAY,HYDRIO LINDA
HYD15 LOORZ CT,HYDSACRAMENTO
HYD5805 DOTMAR WAY,HYDNORTH HIGHLANDS
HYD2332 CAMBRIDGE ST,HYDSACRAMENTO
HYD3812 BELDEN ST,HYDSACRAMENTO
HYD3348 40TH ST,HYDSACRAMENTO
HYD127 QUASAR CIR,HYDSACRAMENTO
HYD3812 CYPRESS ST,HYDSACRAMENTO
HYD5821 64TH ST,HYDSACRAMENTO
HYD8248 CENTER PKWY,HYDSACRAMENTO
HYD1171 SONOMA AVE,HYDSACRAMENTO
HYD4250 ARDWELL WAY,HYDSACRAMENTO
HYD3104 CLAY ST,HYDSACRAMENTO
HYD6063 LAND PARK DR,HYDSACRAMENTO
HYD4738 OAKHOLLOW DR,HYDSACRAMENTO
HYD1401 STERLING ST,HYDSACRAMENTO
HYD3715 DIDCOT CIR,HYDSACRAMENTO
HYD2426 RASHAWN DR,HYDRANCHO CORDOVA
HYD4800 WESTLAKE PKWY Unit 410,HYDSACRAMENTO
HYD3409 VIRGO ST,HYDSACRAMENTO
HYD1110 PINEDALE AVE,HYDSACRAMENTO
HYD2361 LA LOMA DR,HYDRANCHO CORDOVA
HYD1455 64TH AVE,HYDSACRAMENTO
HYD7328 SPRINGMAN ST,HYDSACRAMENTO
HYD119 SAINT MARIE CIR,HYDSACRAMENTO
HYD12 COSTA BRASE CT,HYDSACRAMENTO
HYD6813 SCOTER WAY,HYDSACRAMENTO
HYD6548 GRAYLOCK LN,HYDNORTH HIGHLANDS
HYD1630 GLIDDEN AVE,HYDSACRAMENTO
HYD7825 DALEWOODS WAY,HYDSACRAMENTO
HYD4073 TRESLER AVE,HYDNORTH HIGHLANDS
HYD4288 DYMIC WAY,HYDSACRAMENTO
HYD1158 SAN IGNACIO WAY,HYDSACRAMENTO
HYD4904 J PKWY,HYDSACRAMENTO
HYD2931 HOWE AVE,HYDSACRAMENTO
HYD5531 JANSEN DR,HYDSACRAMENTO
HYD7836 ORCHARD WOODS CIR,HYDSACRAMENTO
HYD4055 DEERBROOK DR,HYDSACRAMENTO
HYD9937 BURLINE ST,HYDSACRAMENTO
HYD6948 MIRADOR WAY,HYDSACRAMENTO
HYD4909 RUGER CT,HYDSACRAMENTO
HYD7204 KERSTEN ST,HYDCITRUS HEIGHTS
HYD3150 ROSEMONT DR,HYDSACRAMENTO
HYD8200 STEINBECK WAY,HYDSACRAMENTO
HYD8198 STEVENSON AVE,HYDSACRAMENTO
HYD6824 OLIVE TREE WAY,HYDCITRUS HEIGHTS
HYD3536 SUN MAIDEN WAY,HYDANTELOPE
HYD4517 OLYMPIAD WAY,HYDSACRAMENTO
HYD925 COBDEN CT,HYDGALT
HYD8225 SCOTTSDALE DR,HYDSACRAMENTO
HYD8758 LEMAS RD,HYDSACRAMENTO
HYD6121 ALPINESPRING WAY,HYDELK GROVE
HYD5937 YORK GLEN WAY,HYDSACRAMENTO
HYD6417 SUNNYFIELD WAY,HYDSACRAMENTO
HYD4008 GREY LIVERY WAY,HYDANTELOPE
HYD8920 ROSETTA CIR,HYDSACRAMENTO
HYD8300 LICHEN DR,HYDCITRUS HEIGHTS
HYD8884 AMBERJACK WAY,HYDSACRAMENTO
HYD4480 VALLEY HI DR,HYDSACRAMENTO
HYD2250 FOREBAY RD,HYDPOLLOCK PINES
HYD3529 FABERGE WAY,HYDSACRAMENTO
HYD1792 DAWNELLE WAY,HYDSACRAMENTO
HYD7800 TABARE CT,HYDCITRUS HEIGHTS
HYD8531 HERMITAGE WAY,HYDSACRAMENTO
HYD2421 BERRYWOOD DR,HYDRANCHO CORDOVA
HYD1005 MORENO WAY,HYDSACRAMENTO
HYD1675 VERNON ST Unit 24,HYDROSEVILLE
HYD24 WINDCHIME CT,HYDSACRAMENTO
HYD540 HARLING CT,HYDRIO LINDA
HYD1207 CRESCENDO DR,HYDROSEVILLE
HYD7577 EDDYLEE WAY,HYDSACRAMENTO
HYD8369 FOPPIANO WAY,HYDSACRAMENTO
HYD8817 SAWTELLE WAY,HYDSACRAMENTO
HYD1910 BONAVISTA WAY,HYDSACRAMENTO
HYD8 TIDE CT,HYDSACRAMENTO
HYD8952 ROCKY CREEK CT,HYDELK GROVE
HYD435 EXCHANGE ST,HYDSACRAMENTO
HYD10105 MONTE VALLO CT,HYDSACRAMENTO
HYD3930 ANNABELLE AVE,HYDROSEVILLE
HYD4854 TANGERINE AVE,HYDSACRAMENTO
HYD2909 SHAWN WAY,HYDRANCHO CORDOVA
HYD4290 BLACKFORD WAY,HYDSACRAMENTO
HYD5890 TT TRAK,HYDFORESTHILL
HYD7015 WOODSIDE DR,HYDSACRAMENTO
HYD6019 CHESHIRE WAY,HYDCITRUS HEIGHTS
HYD3330 VILLAGE CT,HYDCAMERON PARK
HYD2561 VERNA WAY,HYDSACRAMENTO
HYD3522 22ND AVE,HYDSACRAMENTO
HYD2880 CANDIDO DR,HYDSACRAMENTO
HYD6908 PIN OAK CT,HYDFAIR OAKS
HYD5733 ANGELINA AVE,HYDCARMICHAEL
HYD7849 BONNY DOWNS WAY,HYDELK GROVE
HYD8716 LONGSPUR WAY,HYDANTELOPE
HYD6320 EL DORADO ST,HYDEL DORADO
HYD2328 DOROTHY JUNE WAY,HYDSACRAMENTO
HYD1986 DANVERS WAY,HYDSACRAMENTO
HYD7901 GAZELLE TRAIL WAY,HYDANTELOPE
HYD6080 BRIDGECROSS DR,HYDSACRAMENTO
HYD20 GROTH CIR,HYDSACRAMENTO
HYD1900 DANBROOK DR,HYDSACRAMENTO
HYD140 VENTO CT,HYDROSEVILLE
HYD8442 KEUSMAN ST,HYDELK GROVE
HYD9552 SUNLIGHT LN,HYDELK GROVE
HYD2733 YUMA CT,HYDCAMERON PARK
HYD1407 TIFFANY CIR,HYDROSEVILLE
HYD636 CRESTVIEW DR,HYDDIAMOND SPRINGS
HYD1528 HESKET WAY,HYDSACRAMENTO
HYD2327 32ND ST,HYDSACRAMENTO
HYD1833 2ND AVE,HYDSACRAMENTO
HYD7252 CARRIAGE DR,HYDCITRUS HEIGHTS
HYD9815 PASO FINO WAY,HYDELK GROVE
HYD5532 ENGLE RD,HYDCARMICHAEL
HYD1139 CLINTON RD,HYDSACRAMENTO
HYD9176 SAGE GLEN WAY,HYDELK GROVE
HYD9967 HATHERTON WAY,HYDELK GROVE
HYD9264 BOULDER RIVER WAY,HYDELK GROVE
HYD320 GROTH CIR,HYDSACRAMENTO
HYD137 GUNNISON AVE,HYDSACRAMENTO
HYD8209 RIVALLO WAY,HYDSACRAMENTO
HYD8637 PERIWINKLE CIR,HYDELK GROVE
HYD3425 MEADOW WAY,HYDROCKLIN
HYD107 JARVIS CIR,HYDSACRAMENTO
HYD2319 THORES ST,HYDRANCHO CORDOVA
HYD8935 MOUNTAIN HOME CT,HYDELK GROVE
HYD2566 SERENATA WAY,HYDSACRAMENTO
HYD4085 COUNTRY DR,HYDANTELOPE
HYD9297 TROUT WAY,HYDELK GROVE
HYD7 ARCHIBALD CT,HYDSACRAMENTO
HYD11130 EEL RIVER CT,HYDRANCHO CORDOVA
HYD8323 REDBANK WAY,HYDSACRAMENTO
HYD16 BRONCO CREEK CT,HYDSACRAMENTO
HYD8316 NORTHAM DR,HYDANTELOPE
HYD4240 WINJE DR,HYDANTELOPE
HYD3569 SODA WAY,HYDSACRAMENTO
HYD5118 ROBANDER ST,HYDCARMICHAEL
HYD5976 KYLENCH CT,HYDCITRUS HEIGHTS
HYD9247 DELAIR WAY,HYDELK GROVE
HYD9054 DESCENDANT DR,HYDELK GROVE
HYD3450 WHITNOR CT,HYDSACRAMENTO
HYD6288 LONETREE BLVD,HYDROCKLIN
HYD9355 MATADOR WAY,HYDSACRAMENTO
HYD8671 SUMMER SUN WAY,HYDELK GROVE
HYD1890 GENEVA PL,HYDSACRAMENTO
HYD1813 AVENIDA MARTINA,HYDROSEVILLE
HYD191 BARNHART CIR,HYDSACRAMENTO
HYD6221 GREEN TOP WAY,HYDORANGEVALE
HYD2298 PRIMROSE LN,HYDLINCOLN
HYD5635 LOS PUEBLOS WAY,HYDSACRAMENTO
HYD10165 LOFTON WAY,HYDELK GROVE
HYD1251 GREEN RAVINE DR,HYDLINCOLN
HYD6001 SHOO FLY RD,HYDPLACERVILLE
HYD3040 PARKHAM DR,HYDROSEVILLE
HYD2674 TAM O SHANTER DR,HYDEL DORADO HILLS
HYD6007 MARYBELLE LN,HYDSHINGLE SPRINGS
HYD9949 NESTLING CIR,HYDELK GROVE
HYD2915 HOLDREGE WAY,HYDSACRAMENTO
HYD2678 BRIARTON DR,HYDLINCOLN
HYD294 SPARROW DR,HYDGALT
HYD2987 DIORITE WAY,HYDSACRAMENTO
HYD6326 APPIAN WAY,HYDCARMICHAEL
HYD6905 COBALT WAY,HYDCITRUS HEIGHTS
HYD8986 HAFLINGER WAY,HYDELK GROVE
HYD2916 BABSON DR,HYDELK GROVE
HYD10133 NEBBIOLO CT,HYDELK GROVE
HYD1103 COMMONS DR,HYDSACRAMENTO
HYD4636 TEAL BAY CT,HYDANTELOPE
HYD1524 YOUNGS AVE,HYDSACRAMENTO
HYD865 CONRAD CT,HYDPLACERVILLE
HYD8463 TERRACOTTA CT,HYDELK GROVE
HYD5747 KING RD,HYDLOOMIS
HYD8253 KEEGAN WAY,HYDELK GROVE
HYD9204 TROUT WAY,HYDELK GROVE
HYD1828 2ND AVE,HYDSACRAMENTO
HYD1113 COMMONS DR,HYDSACRAMENTO
HYD2341 BIG STRIKE TRL,HYDCOOL
HYD9452 RED SPRUCE WAY,HYDELK GROVE
HYD5776 TERRACE DR,HYDROCKLIN
HYD5908 MCLEAN DR,HYDELK GROVE
HYD8215 PEREGRINE WAY,HYDCITRUS HEIGHTS
HYD1104 HILLSDALE LN,HYDLINCOLN
HYD2949 PANAMA AVE,HYDCARMICHAEL
HYD1356 HARTLEY WAY,HYDFOLSOM
HYD633 HANISCH DR,HYDROSEVILLE
HYD63 ANGEL ISLAND CIR,HYDSACRAMENTO
HYD1571 WILD OAK LN,HYDLINCOLN
HYD5222 COPPER SUNSET WAY,HYDRANCHO CORDOVA
HYD5601 SPINDRIFT LN,HYDORANGEVALE
HYD652 FIFTEEN MILE DR,HYDROSEVILLE
HYD7921 DOE TRAIL WAY,HYDANTELOPE
HYD4204 LUSK DR,HYDSACRAMENTO
HYD5321 DELTA DR,HYDROCKLIN
HYD5608 ROSEDALE WAY,HYDSACRAMENTO
HYD3372 BERETANIA WAY,HYDSACRAMENTO
HYD2422 STEFANIE DR,HYDROCKLIN
HYD3232 PARKHAM DR,HYDROSEVILLE
HYD448 ELMWOOD CT,HYDROSEVILLE
HYD1214 DAWNWOOD DR,HYDGALT
HYD1440 EMERALD LN,HYDLINCOLN
HYD3349 CORVINA DR,HYDRANCHO CORDOVA
HYD10254 JULIANA WAY,HYDSACRAMENTO
HYD149 OPUS CIR,HYDSACRAMENTO
HYD580 REGENCY PARK CIR,HYDSACRAMENTO
HYD5544 CAMAS CT,HYDORANGEVALE
HYD5102 ARCHCREST WAY,HYDSACRAMENTO
HYD5725 BALFOR RD,HYDROCKLIN
HYD7697 ROSEHALL DR,HYDROSEVILLE
HYD4821 HUTSON WAY,HYDELK GROVE
HYD4509 WINJE DR,HYDANTELOPE
HYD1965 LAURELHURST LN,HYDLINCOLN
HYD6709 ROSE BRIDGE DR,HYDROSEVILLE
HYD281 SPYGLASS HL,HYDROSEVILLE
HYD7709 RIVER VILLAGE DR,HYDSACRAMENTO
HYD4165 BRISBANE CIR,HYDEL DORADO HILLS
HYD506 BEDFORD CT,HYDROSEVILLE
HYD9048 PINTO CANYON WAY,HYDROSEVILLE
HYD2274 IVY BRIDGE DR,HYDROSEVILLE
HYD14004 WALNUT AVE,HYDWALNUT GROVE
HYD6905 FRANKFORT CT,HYDELK GROVE
HYD3621 WINTUN DR,HYDCARMICHAEL
HYD201 KIRKLAND CT,HYDLINCOLN
HYD12075 APPLESBURY CT,HYDRANCHO CORDOVA
HYD1975 SIDESADDLE WAY,HYDROSEVILLE
HYD5420 ALMOND FALLS WAY,HYDRANCHO CORDOVA
HYD9677 PILLITERI CT,HYDELK GROVE
HYD1515 EL CAMINO VERDE DR,HYDLINCOLN
HYD556 PLATT CIR,HYDEL DORADO HILLS
HYD1792 DIAMOND WOODS CIR,HYDROSEVILLE
HYD1124 PERKINS WAY,HYDSACRAMENTO
HYD4748 SALEM WAY,HYDCARMICHAEL
HYD1484 RADCLIFFE WAY,HYDAUBURN
HYD51 AIKEN WAY,HYDSACRAMENTO
HYD2818 KNOLLWOOD DR,HYDCAMERON PARK
HYD1536 STONEY CROSS LN,HYDLINCOLN
HYD509 CASTILLIAN CT,HYDROSEVILLE
HYD700 HUNTER PL,HYDFOLSOM
HYD1240 FAY CIR,HYDSACRAMENTO
HYD1113 SANDWICK WAY,HYDFOLSOM
HYD3108 DELWOOD WAY,HYDSACRAMENTO
HYD3212 CORNICHE LN,HYDROSEVILLE
HYD2159 BECKETT DR,HYDEL DORADO HILLS
HYD4320 FOUR SEASONS RD,HYDPLACERVILLE
HYD6401 MARSHALL RD,HYDGARDEN VALLEY
HYD2089 BECKETT DR,HYDEL DORADO HILLS
HYD6196 EDGEHILL DR,HYDEL DORADO HILLS
HYD200 HILLSFORD CT,HYDROSEVILLE
HYD8217 PLUMERIA AVE,HYDFAIR OAKS
HYD4841 VILLAGE GREEN DR,HYDEL DORADO HILLS
HYD3863 LAS PASAS WAY,HYDSACRAMENTO
HYD820 DANA CT,HYDAUBURN
HYD1165 37TH ST,HYDSACRAMENTO
HYD203 CASCADE FALLS DR,HYDFOLSOM
HYD9880 IZILDA CT,HYDSACRAMENTO
HYD1800 AVONDALE DR,HYDROSEVILLE
HYD4620 BROMWICH CT,HYDROCKLIN
HYD620 KESWICK CT,HYDGRANITE BAY
HYD4478 GREENBRAE RD,HYDROCKLIN
HYD8432 BRIGGS DR,HYDROSEVILLE
HYD200 CRADLE MOUNTAIN CT,HYDEL DORADO HILLS
HYD2065 IMPRESSIONIST WAY,HYDEL DORADO HILLS
HYD2982 ABERDEEN LN,HYDEL DORADO HILLS
HYD9401 BARREL RACER CT,HYDWILTON
HYD3720 VISTA DE MADERA,HYDLINCOLN
HYD14151 INDIO DR,HYDSLOUGHHOUSE
HYD7401 TOULON LN,HYDSACRAMENTO
HYD9127 NEWHALL DR Unit 34,HYDSACRAMENTO
HYD5937 BAMFORD DR,HYDSACRAMENTO
HYD5672 HILLSDALE BLVD,HYDSACRAMENTO
HYD3920 39TH ST,HYDSACRAMENTO
HYD701 JESSIE AVE,HYDSACRAMENTO
HYD83 ARCADE BLVD,HYDSACRAMENTO
HYD601 REGGINALD WAY,HYDSACRAMENTO
HYD550 DEL VERDE CIR,HYDSACRAMENTO
HYD4113 DAYSTAR CT,HYDSACRAMENTO
HYD7374 TISDALE WAY,HYDSACRAMENTO
HYD3348 RIO LINDA BLVD,HYDSACRAMENTO
HYD3935 LIMESTONE WAY,HYDSACRAMENTO
HYD6208 GRATTAN WAY,HYDNORTH HIGHLANDS
HYD739 E WOODSIDE LN Unit E,HYDSACRAMENTO
HYD4225 46TH AVE,HYDSACRAMENTO
HYD1434 BELL AVE,HYDSACRAMENTO
HYD5628 GEORGIA DR,HYDNORTH HIGHLANDS
HYD7629 BETH ST,HYDSACRAMENTO
HYD2277 BABETTE WAY,HYDSACRAMENTO
HYD6561 WEATHERFORD WAY,HYDSACRAMENTO
HYD3035 ESTEPA DR Unit 5C,HYDCAMERON PARK
HYD5136 CABOT CIR,HYDSACRAMENTO
HYD7730 ROBINETTE RD,HYDSACRAMENTO
HYD87 LACAM CIR,HYDSACRAMENTO
HYD1691 NOGALES ST,HYDSACRAMENTO
HYD3118 42ND ST,HYDSACRAMENTO
HYD7517 50TH AVE,HYDSACRAMENTO
HYD4071 EVALITA WAY,HYDSACRAMENTO
HYD7928 36TH AVE,HYDSACRAMENTO
HYD6631 DEMARET DR,HYDSACRAMENTO
HYD7043 9TH AVE,HYDRIO LINDA
HYD97 KENNELFORD CIR,HYDSACRAMENTO
HYD2636 TRONERO WAY,HYDRANCHO CORDOVA
HYD1530 TOPANGA LN Unit 204,HYDLINCOLN
HYD3604 KODIAK WAY,HYDANTELOPE
HYD2149 COTTAGE WAY,HYDSACRAMENTO
HYD8632 PRAIRIEWOODS DR,HYDSACRAMENTO
HYD612 STONE BLVD,HYDWEST SACRAMENTO
HYD4180 12TH AVE,HYDSACRAMENTO
HYD8025 ARROYO VISTA DR,HYDSACRAMENTO
HYD5754 WALERGA RD Unit 4,HYDSACRAMENTO
HYD8 LA ROCAS CT,HYDSACRAMENTO
HYD8636 LONGSPUR WAY,HYDANTELOPE
HYD1941 EXPEDITION WAY,HYDSACRAMENTO
HYD4351 TURNBRIDGE DR,HYDSACRAMENTO
HYD6513 HOLIDAY WAY,HYDNORTH HIGHLANDS
HYD8321 MISTLETOE WAY,HYDCITRUS HEIGHTS
HYD5920 VALLEY GLEN WAY,HYDSACRAMENTO
HYD2601 SAN FERNANDO WAY,HYDSACRAMENTO
HYD501 POPLAR AVE,HYDWEST SACRAMENTO
HYD8008 SAINT HELENA CT,HYDSACRAMENTO
HYD6517 DONEGAL DR,HYDCITRUS HEIGHTS
HYD1001 RIO NORTE WAY,HYDSACRAMENTO
HYD604 P ST,HYDLINCOLN
HYD10001 WOODCREEK OAKS BLVD Unit 815,HYDROSEVILLE
HYD7351 GIGI PL,HYDSACRAMENTO
HYD7740 DIXIE LOU ST,HYDSACRAMENTO
HYD7342 DAVE ST,HYDSACRAMENTO
HYD7687 HOWERTON DR,HYDSACRAMENTO
HYD26 KAMSON CT,HYDSACRAMENTO
HYD7045 PEEVEY CT,HYDSACRAMENTO
HYD8916 GABLES MILL PL,HYDELK GROVE
HYD1140 EDMONTON DR,HYDSACRAMENTO
HYD8879 APPLE PEAR CT,HYDELK GROVE
HYD9 WIND CT,HYDSACRAMENTO
HYD8570 SHERATON DR,HYDFAIR OAKS
HYD1550 TOPANGA LN Unit 207,HYDLINCOLN
HYD1080 RIO NORTE WAY,HYDSACRAMENTO
HYD5501 VALLETTA WAY,HYDSACRAMENTO
HYD5624 MEMORY LN,HYDFAIR OAKS
HYD6622 WILLOWLEAF DR,HYDCITRUS HEIGHTS
HYD27 MEGAN CT,HYDSACRAMENTO
HYD6601 WOODMORE OAKS DR,HYDORANGEVALE
HYD1973 DANVERS WAY,HYDSACRAMENTO
HYD8001 ARROYO VISTA DR,HYDSACRAMENTO
HYD7409 VOYAGER WAY,HYDCITRUS HEIGHTS
HYD815 CROSSWIND DR,HYDSACRAMENTO
HYD5509 LAGUNA CREST WAY,HYDELK GROVE
HYD8424 MERRY HILL WAY,HYDELK GROVE
HYD1525 PENNSYLVANIA AVE,HYDWEST SACRAMENTO
HYD5954 BRIDGECROSS DR,HYDSACRAMENTO
HYD8789 SEQUOIA WOOD CT,HYDELK GROVE
HYD6600 SILVERTHORNE CIR,HYDSACRAMENTO
HYD2221 2ND AVE,HYDSACRAMENTO
HYD3230 SMATHERS WAY,HYDCARMICHAEL
HYD5209 LAGUNA CREST WAY,HYDELK GROVE
HYD416 LEITCH AVE,HYDSACRAMENTO
HYD2100 BEATTY WAY,HYDROSEVILLE
HYD6920 GILLINGHAM WAY,HYDNORTH HIGHLANDS
HYD82 WILDFLOWER DR,HYDGALT
HYD8652 BANTON CIR,HYDELK GROVE
HYD8428 MISTY PASS WAY,HYDANTELOPE
HYD7958 ROSEVIEW WAY,HYDSACRAMENTO
HYD9020 LUKEN CT,HYDELK GROVE
HYD7809 VALLECITOS WAY,HYDSACRAMENTO
HYD8445 OLD AUBURN RD,HYDCITRUS HEIGHTS
HYD10085 ATKINS DR,HYDELK GROVE
HYD9185 CERROLINDA CIR,HYDELK GROVE
HYD9197 CORTINA CIR,HYDROSEVILLE
HYD5429 HESPER WAY,HYDCARMICHAEL
HYD1178 WARMWOOD CT,HYDGALT
HYD4900 ELUDE CT,HYDSACRAMENTO
HYD3557 SODA WAY,HYDSACRAMENTO
HYD3528 SAINT GEORGE DR,HYDSACRAMENTO
HYD7381 WASHBURN WAY,HYDNORTH HIGHLANDS
HYD2181 WINTERHAVEN CIR,HYDCAMERON PARK
HYD7540 HICKORY AVE,HYDORANGEVALE
HYD5024 CHAMBERLIN CIR,HYDELK GROVE
HYD2400 INVERNESS DR,HYDLINCOLN
HYD5 BISHOPGATE CT,HYDSACRAMENTO
HYD5601 REXLEIGH DR,HYDSACRAMENTO
HYD1909 YARNELL WAY,HYDELK GROVE
HYD9169 GARLINGTON CT,HYDSACRAMENTO
HYD6932 RUSKUT WAY,HYDSACRAMENTO
HYD7933 DAFFODIL WAY,HYDCITRUS HEIGHTS
HYD8304 RED FOX WAY,HYDELK GROVE
HYD3882 YELLOWSTONE LN,HYDEL DORADO HILLS
